DATE,AWAY TEAM,HOME TEAM
3/25/2026,Yankees,Giants
3/26/2026,Angels,Astros
3/26/2026,Athletics,Blue Jays
3/26/2026,D-backs,Dodgers
3/26/2026,Guardians,Mariners
3/26/2026,Nationals,Cubs
3/26/2026,Pirates,Mets
3/26/2026,Rangers,Phillies
3/26/2026,Rays,Cardinals
3/26/2026,Red Sox,Reds
3/26/2026,Rockies,Marlins
3/26/2026,Royals,Braves
3/26/2026,Tigers,Padres
3/26/2026,Twins,Orioles
3/26/2026,White Sox,Brewers
3/27/2026,Angels,Astros
3/27/2026,D-backs,Dodgers
3/27/2026,Guardians,Mariners
3/27/2026,Tigers,Padres
3/27/2026,Yankees,Giants
3/28/2026,Nationals,Cubs
3/28/2026,Angels,Astros
3/28/2026,Athletics,Blue Jays
3/28/2026,D-backs,Dodgers
3/28/2026,Guardians,Mariners
3/28/2026,Pirates,Mets
3/28/2026,Rangers,Phillies
3/28/2026,Rays,Cardinals
3/28/2026,Red Sox,Reds
3/28/2026,Rockies,Marlins
3/28/2026,Royals,Braves
3/28/2026,Tigers,Padres
3/28/2026,Twins,Orioles
3/28/2026,White Sox,Brewers
3/28/2026,Yankees,Giants
3/29/2026,Nationals,Cubs
3/29/2026,Angels,Astros
3/29/2026,Athletics,Blue Jays
3/29/2026,Guardians,Mariners
3/29/2026,Pirates,Mets
3/29/2026,Rangers,Phillies
3/29/2026,Rays,Cardinals
3/29/2026,Red Sox,Reds
3/29/2026,Rockies,Marlins
3/29/2026,Royals,Braves
3/29/2026,Twins,Orioles
3/29/2026,White Sox,Brewers
3/30/2026,Angels,Cubs
3/30/2026,Athletics,Braves
3/30/2026,Giants,Padres
3/30/2026,Guardians,Dodgers
3/30/2026,Mets,Cardinals
3/30/2026,Nationals,Phillies
3/30/2026,Pirates,Reds
3/30/2026,Rangers,Orioles
3/30/2026,Rays,Brewers
3/30/2026,Red Sox,Astros
3/30/2026,Rockies,Blue Jays
3/30/2026,Tigers,D-backs
3/30/2026,Twins,Royals
3/30/2026,White Sox,Marlins
3/30/2026,Yankees,Mariners
3/31/2026,Angels,Cubs
3/31/2026,Athletics,Braves
3/31/2026,Giants,Padres
3/31/2026,Guardians,Dodgers
3/31/2026,Mets,Cardinals
3/31/2026,Nationals,Phillies
3/31/2026,Pirates,Reds
3/31/2026,Rangers,Orioles
3/31/2026,Rays,Brewers
3/31/2026,Red Sox,Astros
3/31/2026,Rockies,Blue Jays
3/31/2026,Tigers,D-backs
3/31/2026,White Sox,Marlins
3/31/2026,Yankees,Mariners
4/1/2026,Angels,Cubs
4/1/2026,Athletics,Braves
4/1/2026,Giants,Padres
4/1/2026,Guardians,Dodgers
4/1/2026,Mets,Cardinals
4/1/2026,Nationals,Phillies
4/1/2026,Pirates,Reds
4/1/2026,Rangers,Orioles
4/1/2026,Rays,Brewers
4/1/2026,Red Sox,Astros
4/1/2026,Rockies,Blue Jays
4/1/2026,Tigers,D-backs
4/1/2026,Twins,Royals
4/1/2026,White Sox,Marlins
4/1/2026,Yankees,Mariners
4/2/2026,Blue Jays,White Sox
4/2/2026,Braves,D-backs
4/2/2026,Mets,Giants
4/2/2026,Twins,Royals
4/3/2026,Astros,Athletics
4/3/2026,Braves,D-backs
4/3/2026,Brewers,Royals
4/3/2026,Cardinals,Tigers
4/3/2026,Cubs,Guardians
4/3/2026,Dodgers,Nationals
4/3/2026,Mariners,Angels
4/3/2026,Marlins,Yankees
4/3/2026,Mets,Giants
4/3/2026,Orioles,Pirates
4/3/2026,Padres,Red Sox
4/3/2026,Phillies,Rockies
4/3/2026,Rays,Twins
4/3/2026,Reds,Rangers
4/4/2026,Astros,Athletics
4/4/2026,Blue Jays,White Sox
4/4/2026,Braves,D-backs
4/4/2026,Brewers,Royals
4/4/2026,Cardinals,Tigers
4/4/2026,Cubs,Guardians
4/4/2026,Dodgers,Nationals
4/4/2026,Mariners,Angels
4/4/2026,Marlins,Yankees
4/4/2026,Mets,Giants
4/4/2026,Orioles,Pirates
4/4/2026,Padres,Red Sox
4/4/2026,Phillies,Rockies
4/4/2026,Rays,Twins
4/4/2026,Reds,Rangers
4/5/2026,Astros,Athletics
4/5/2026,Blue Jays,White Sox
4/5/2026,Braves,D-backs
4/5/2026,Brewers,Royals
4/5/2026,Cardinals,Tigers
4/5/2026,Cubs,Guardians
4/5/2026,Dodgers,Nationals
4/5/2026,Mariners,Angels
4/5/2026,Marlins,Yankees
4/5/2026,Mets,Giants
4/5/2026,Orioles,Pirates
4/5/2026,Padres,Red Sox
4/5/2026,Phillies,Rockies
4/5/2026,Rays,Twins
4/5/2026,Reds,Rangers
4/6/2026,Astros,Rockies
4/6/2026,Braves,Angels
4/6/2026,Brewers,Red Sox
4/6/2026,Cardinals,Nationals
4/6/2026,Cubs,Rays
4/6/2026,Dodgers,Blue Jays
4/6/2026,Mariners,Rangers
4/6/2026,Orioles,White Sox
4/6/2026,Padres,Pirates
4/6/2026,Phillies,Giants
4/6/2026,Reds,Marlins
4/6/2026,Royals,Guardians
4/6/2026,Tigers,Twins
4/7/2026,Astros,Rockies
4/7/2026,Athletics,Yankees
4/7/2026,Braves,Angels
4/7/2026,Brewers,Red Sox
4/7/2026,Cardinals,Nationals
4/7/2026,Cubs,Rays
4/7/2026,D-backs,Mets
4/7/2026,Dodgers,Blue Jays
4/7/2026,Mariners,Rangers
4/7/2026,Orioles,White Sox
4/7/2026,Padres,Pirates
4/7/2026,Phillies,Giants
4/7/2026,Reds,Marlins
4/7/2026,Royals,Guardians
4/7/2026,Tigers,Twins
4/8/2026,Astros,Rockies
4/8/2026,Athletics,Yankees
4/8/2026,Braves,Angels
4/8/2026,Brewers,Red Sox
4/8/2026,Cardinals,Nationals
4/8/2026,Cubs,Rays
4/8/2026,D-backs,Mets
4/8/2026,Dodgers,Blue Jays
4/8/2026,Mariners,Rangers
4/8/2026,Orioles,White Sox
4/8/2026,Padres,Pirates
4/8/2026,Phillies,Giants
4/8/2026,Reds,Marlins
4/8/2026,Royals,Guardians
4/8/2026,Tigers,Twins
4/9/2026,Athletics,Yankees
4/9/2026,D-backs,Mets
4/9/2026,Reds,Marlins
4/9/2026,Rockies,Padres
4/9/2026,Tigers,Twins
4/9/2026,White Sox,Royals
4/10/2026,Angels,Reds
4/10/2026,Astros,Mariners
4/10/2026,Athletics,Mets
4/10/2026,D-backs,Phillies
4/10/2026,Giants,Orioles
4/10/2026,Guardians,Braves
4/10/2026,Marlins,Tigers
4/10/2026,Nationals,Brewers
4/10/2026,Pirates,Cubs
4/10/2026,Rangers,Dodgers
4/10/2026,Red Sox,Cardinals
4/10/2026,Rockies,Padres
4/10/2026,Twins,Blue Jays
4/10/2026,White Sox,Royals
4/10/2026,Yankees,Rays
4/11/2026,Angels,Reds
4/11/2026,Astros,Mariners
4/11/2026,Athletics,Mets
4/11/2026,D-backs,Phillies
4/11/2026,Giants,Orioles
4/11/2026,Guardians,Braves
4/11/2026,Marlins,Tigers
4/11/2026,Nationals,Brewers
4/11/2026,Pirates,Cubs
4/11/2026,Rangers,Dodgers
4/11/2026,Red Sox,Cardinals
4/11/2026,Rockies,Padres
4/11/2026,Twins,Blue Jays
4/11/2026,White Sox,Royals
4/11/2026,Yankees,Rays
4/12/2026,Angels,Reds
4/12/2026,Astros,Mariners
4/12/2026,Athletics,Mets
4/12/2026,D-backs,Phillies
4/12/2026,Giants,Orioles
4/12/2026,Guardians,Braves
4/12/2026,Marlins,Tigers
4/12/2026,Nationals,Brewers
4/12/2026,Pirates,Cubs
4/12/2026,Rangers,Dodgers
4/12/2026,Red Sox,Cardinals
4/12/2026,Rockies,Padres
4/12/2026,Twins,Blue Jays
4/12/2026,White Sox,Royals
4/12/2026,Yankees,Rays
4/13/2026,Angels,Yankees
4/13/2026,Astros,Mariners
4/13/2026,Cubs,Phillies
4/13/2026,D-backs,Orioles
4/13/2026,Guardians,Cardinals
4/13/2026,Marlins,Braves
4/13/2026,Mets,Dodgers
4/13/2026,Nationals,Pirates
4/13/2026,Rangers,Athletics
4/13/2026,Red Sox,Twins
4/14/2026,Angels,Yankees
4/14/2026,Blue Jays,Brewers
4/14/2026,Cubs,Phillies
4/14/2026,D-backs,Orioles
4/14/2026,Giants,Reds
4/14/2026,Guardians,Cardinals
4/14/2026,Mariners,Padres
4/14/2026,Marlins,Braves
4/14/2026,Mets,Dodgers
4/14/2026,Nationals,Pirates
4/14/2026,Rangers,Athletics
4/14/2026,Rays,White Sox
4/14/2026,Red Sox,Twins
4/14/2026,Rockies,Astros
4/14/2026,Royals,Tigers
4/15/2026,Angels,Yankees
4/15/2026,Blue Jays,Brewers
4/15/2026,Cubs,Phillies
4/15/2026,D-backs,Orioles
4/15/2026,Giants,Reds
4/15/2026,Guardians,Cardinals
4/15/2026,Mariners,Padres
4/15/2026,Marlins,Braves
4/15/2026,Mets,Dodgers
4/15/2026,Nationals,Pirates
4/15/2026,Rangers,Athletics
4/15/2026,Rays,White Sox
4/15/2026,Red Sox,Twins
4/15/2026,Rockies,Astros
4/15/2026,Royals,Tigers
4/16/2026,Angels,Yankees
4/16/2026,Blue Jays,Brewers
4/16/2026,Giants,Reds
4/16/2026,Mariners,Padres
4/16/2026,Nationals,Pirates
4/16/2026,Orioles,Guardians
4/16/2026,Rangers,Athletics
4/16/2026,Rays,White Sox
4/16/2026,Rockies,Astros
4/16/2026,Royals,Tigers
4/17/2026,Blue Jays,D-backs
4/17/2026,Braves,Phillies
4/17/2026,Brewers,Marlins
4/17/2026,Cardinals,Astros
4/17/2026,Dodgers,Rockies
4/17/2026,Giants,Nationals
4/17/2026,Mets,Cubs
4/17/2026,Orioles,Guardians
4/17/2026,Padres,Angels
4/17/2026,Rangers,Mariners
4/17/2026,Rays,Pirates
4/17/2026,Reds,Twins
4/17/2026,Royals,Yankees
4/17/2026,Tigers,Red Sox
4/17/2026,White Sox,Athletics
4/18/2026,Blue Jays,D-backs
4/18/2026,Braves,Phillies
4/18/2026,Brewers,Marlins
4/18/2026,Cardinals,Astros
4/18/2026,Dodgers,Rockies
4/18/2026,Giants,Nationals
4/18/2026,Mets,Cubs
4/18/2026,Orioles,Guardians
4/18/2026,Padres,Angels
4/18/2026,Rangers,Mariners
4/18/2026,Rays,Pirates
4/18/2026,Reds,Twins
4/18/2026,Royals,Yankees
4/18/2026,Tigers,Red Sox
4/18/2026,White Sox,Athletics
4/19/2026,Blue Jays,D-backs
4/19/2026,Braves,Phillies
4/19/2026,Brewers,Marlins
4/19/2026,Cardinals,Astros
4/19/2026,Dodgers,Rockies
4/19/2026,Giants,Nationals
4/19/2026,Mets,Cubs
4/19/2026,Orioles,Guardians
4/19/2026,Padres,Angels
4/19/2026,Rangers,Mariners
4/19/2026,Rays,Pirates
4/19/2026,Reds,Twins
4/19/2026,Royals,Yankees
4/19/2026,Tigers,Red Sox
4/19/2026,White Sox,Athletics
4/20/2026,Astros,Guardians
4/20/2026,Athletics,Mariners
4/20/2026,Blue Jays,Angels
4/20/2026,Braves,Nationals
4/20/2026,Cardinals,Marlins
4/20/2026,Dodgers,Rockies
4/20/2026,Orioles,Royals
4/20/2026,Phillies,Cubs
4/20/2026,Reds,Rays
4/20/2026,Tigers,Red Sox
4/21/2026,Astros,Guardians
4/21/2026,Athletics,Mariners
4/21/2026,Blue Jays,Angels
4/21/2026,Braves,Nationals
4/21/2026,Brewers,Tigers
4/21/2026,Cardinals,Marlins
4/21/2026,Dodgers,Giants
4/21/2026,Orioles,Royals
4/21/2026,Padres,Rockies
4/21/2026,Phillies,Cubs
4/21/2026,Pirates,Rangers
4/21/2026,Reds,Rays
4/21/2026,Twins,Mets
4/21/2026,White Sox,D-backs
4/21/2026,Yankees,Red Sox
4/22/2026,Astros,Guardians
4/22/2026,Athletics,Mariners
4/22/2026,Blue Jays,Angels
4/22/2026,Braves,Nationals
4/22/2026,Brewers,Tigers
4/22/2026,Cardinals,Marlins
4/22/2026,Dodgers,Giants
4/22/2026,Orioles,Royals
4/22/2026,Padres,Rockies
4/22/2026,Phillies,Cubs
4/22/2026,Pirates,Rangers
4/22/2026,Reds,Rays
4/22/2026,Twins,Mets
4/22/2026,White Sox,D-backs
4/22/2026,Yankees,Red Sox
4/23/2026,Braves,Nationals
4/23/2026,Brewers,Tigers
4/23/2026,Dodgers,Giants
4/23/2026,Padres,Rockies
4/23/2026,Phillies,Cubs
4/23/2026,Pirates,Rangers
4/23/2026,Twins,Mets
4/23/2026,White Sox,D-backs
4/23/2026,Yankees,Red Sox
4/24/2026,Angels,Royals
4/24/2026,Athletics,Rangers
4/24/2026,Cubs,Dodgers
4/24/2026,Guardians,Blue Jays
4/24/2026,Mariners,Cardinals
4/24/2026,Marlins,Giants
4/24/2026,Nationals,White Sox
4/24/2026,Phillies,Braves
4/24/2026,Pirates,Brewers
4/24/2026,Red Sox,Orioles
4/24/2026,Rockies,Mets
4/24/2026,Tigers,Reds
4/24/2026,Twins,Rays
4/24/2026,Yankees,Astros
4/25/2026,Angels,Royals
4/25/2026,Athletics,Rangers
4/25/2026,Cubs,Dodgers
4/25/2026,Guardians,Blue Jays
4/25/2026,Mariners,Cardinals
4/25/2026,Marlins,Giants
4/25/2026,Nationals,White Sox
4/25/2026,Padres,D-backs
4/25/2026,Phillies,Braves
4/25/2026,Pirates,Brewers
4/25/2026,Red Sox,Orioles
4/25/2026,Rockies,Mets
4/25/2026,Tigers,Reds
4/25/2026,Twins,Rays
4/25/2026,Yankees,Astros
4/26/2026,Angels,Royals
4/26/2026,Athletics,Rangers
4/26/2026,Cubs,Dodgers
4/26/2026,Guardians,Blue Jays
4/26/2026,Mariners,Cardinals
4/26/2026,Marlins,Giants
4/26/2026,Nationals,White Sox
4/26/2026,Padres,D-backs
4/26/2026,Phillies,Braves
4/26/2026,Pirates,Brewers
4/26/2026,Red Sox,Orioles
4/26/2026,Rockies,Mets
4/26/2026,Tigers,Reds
4/26/2026,Twins,Rays
4/26/2026,Yankees,Astros
4/27/2026,Angels,White Sox
4/27/2026,Cardinals,Pirates
4/27/2026,Cubs,Padres
4/27/2026,Mariners,Twins
4/27/2026,Marlins,Dodgers
4/27/2026,Rays,Guardians
4/27/2026,Red Sox,Blue Jays
4/27/2026,Yankees,Rangers
4/28/2026,Angels,White Sox
4/28/2026,Astros,Orioles
4/28/2026,Cardinals,Pirates
4/28/2026,Cubs,Padres
4/28/2026,D-backs,Brewers
4/28/2026,Giants,Phillies
4/28/2026,Mariners,Twins
4/28/2026,Marlins,Dodgers
4/28/2026,Nationals,Mets
4/28/2026,Rays,Guardians
4/28/2026,Red Sox,Blue Jays
4/28/2026,Rockies,Reds
4/28/2026,Royals,Athletics
4/28/2026,Tigers,Braves
4/28/2026,Yankees,Rangers
4/29/2026,Angels,White Sox
4/29/2026,Astros,Orioles
4/29/2026,Cardinals,Pirates
4/29/2026,Cubs,Padres
4/29/2026,D-backs,Brewers
4/29/2026,Giants,Phillies
4/29/2026,Mariners,Twins
4/29/2026,Marlins,Dodgers
4/29/2026,Nationals,Mets
4/29/2026,Rays,Guardians
4/29/2026,Red Sox,Blue Jays
4/29/2026,Rockies,Reds
4/29/2026,Royals,Athletics
4/29/2026,Tigers,Braves
4/29/2026,Yankees,Rangers
4/30/2026,Astros,Orioles
4/30/2026,Blue Jays,Twins
4/30/2026,Cardinals,Pirates
4/30/2026,D-backs,Brewers
4/30/2026,Giants,Phillies
4/30/2026,Nationals,Mets
4/30/2026,Rockies,Reds
4/30/2026,Royals,Athletics
4/30/2026,Tigers,Braves
5/1/2026,Astros,Red Sox
5/1/2026,Blue Jays,Twins
5/1/2026,Braves,Rockies
5/1/2026,Brewers,Nationals
5/1/2026,D-backs,Cubs
5/1/2026,Dodgers,Cardinals
5/1/2026,Giants,Rays
5/1/2026,Guardians,Athletics
5/1/2026,Mets,Angels
5/1/2026,Orioles,Yankees
5/1/2026,Phillies,Marlins
5/1/2026,Rangers,Tigers
5/1/2026,Reds,Pirates
5/1/2026,Royals,Mariners
5/1/2026,White Sox,Padres
5/2/2026,Astros,Red Sox
5/2/2026,Blue Jays,Twins
5/2/2026,Braves,Rockies
5/2/2026,Brewers,Nationals
5/2/2026,D-backs,Cubs
5/2/2026,Dodgers,Cardinals
5/2/2026,Giants,Rays
5/2/2026,Guardians,Athletics
5/2/2026,Mets,Angels
5/2/2026,Orioles,Yankees
5/2/2026,Phillies,Marlins
5/2/2026,Rangers,Tigers
5/2/2026,Reds,Pirates
5/2/2026,Royals,Mariners
5/2/2026,White Sox,Padres
5/3/2026,Astros,Red Sox
5/3/2026,Blue Jays,Twins
5/3/2026,Braves,Rockies
5/3/2026,Brewers,Nationals
5/3/2026,D-backs,Cubs
5/3/2026,Dodgers,Cardinals
5/3/2026,Giants,Rays
5/3/2026,Guardians,Athletics
5/3/2026,Mets,Angels
5/3/2026,Orioles,Yankees
5/3/2026,Phillies,Marlins
5/3/2026,Rangers,Tigers
5/3/2026,Reds,Pirates
5/3/2026,Royals,Mariners
5/3/2026,White Sox,Padres
5/4/2026,Blue Jays,Rays
5/4/2026,Braves,Mariners
5/4/2026,Brewers,Cardinals
5/4/2026,Dodgers,Astros
5/4/2026,Guardians,Royals
5/4/2026,Mets,Rockies
5/4/2026,Orioles,Yankees
5/4/2026,Padres,Giants
5/4/2026,Phillies,Marlins
5/4/2026,Red Sox,Tigers
5/4/2026,Reds,Cubs
5/4/2026,White Sox,Angels
5/5/2026,Athletics,Phillies
5/5/2026,Blue Jays,Rays
5/5/2026,Braves,Mariners
5/5/2026,Brewers,Cardinals
5/5/2026,Dodgers,Astros
5/5/2026,Guardians,Royals
5/5/2026,Mets,Rockies
5/5/2026,Orioles,Marlins
5/5/2026,Padres,Giants
5/5/2026,Pirates,D-backs
5/5/2026,Rangers,Yankees
5/5/2026,Red Sox,Tigers
5/5/2026,Reds,Cubs
5/5/2026,Twins,Nationals
5/5/2026,White Sox,Angels
5/6/2026,Athletics,Phillies
5/6/2026,Blue Jays,Rays
5/6/2026,Braves,Mariners
5/6/2026,Brewers,Cardinals
5/6/2026,Dodgers,Astros
5/6/2026,Guardians,Royals
5/6/2026,Mets,Rockies
5/6/2026,Orioles,Marlins
5/6/2026,Padres,Giants
5/6/2026,Pirates,D-backs
5/6/2026,Rangers,Yankees
5/6/2026,Red Sox,Tigers
5/6/2026,Reds,Cubs
5/6/2026,Twins,Nationals
5/6/2026,White Sox,Angels
5/7/2026,Athletics,Phillies
5/7/2026,Cardinals,Padres
5/7/2026,Guardians,Royals
5/7/2026,Orioles,Marlins
5/7/2026,Pirates,D-backs
5/7/2026,Rangers,Yankees
5/7/2026,Rays,Red Sox
5/7/2026,Reds,Cubs
5/7/2026,Twins,Nationals
5/8/2026,Angels,Blue Jays
5/8/2026,Astros,Reds
5/8/2026,Athletics,Orioles
5/8/2026,Braves,Dodgers
5/8/2026,Cardinals,Padres
5/8/2026,Cubs,Rangers
5/8/2026,Mariners,White Sox
5/8/2026,Mets,D-backs
5/8/2026,Nationals,Marlins
5/8/2026,Pirates,Giants
5/8/2026,Rays,Red Sox
5/8/2026,Rockies,Phillies
5/8/2026,Tigers,Royals
5/8/2026,Twins,Guardians
5/8/2026,Yankees,Brewers
5/9/2026,Angels,Blue Jays
5/9/2026,Astros,Reds
5/9/2026,Athletics,Orioles
5/9/2026,Braves,Dodgers
5/9/2026,Cardinals,Padres
5/9/2026,Cubs,Rangers
5/9/2026,Mariners,White Sox
5/9/2026,Mets,D-backs
5/9/2026,Nationals,Marlins
5/9/2026,Pirates,Giants
5/9/2026,Rays,Red Sox
5/9/2026,Rockies,Phillies
5/9/2026,Tigers,Royals
5/9/2026,Twins,Guardians
5/9/2026,Yankees,Brewers
5/10/2026,Angels,Blue Jays
5/10/2026,Astros,Reds
5/10/2026,Athletics,Orioles
5/10/2026,Braves,Dodgers
5/10/2026,Cardinals,Padres
5/10/2026,Cubs,Rangers
5/10/2026,Mariners,White Sox
5/10/2026,Mets,D-backs
5/10/2026,Nationals,Marlins
5/10/2026,Pirates,Giants
5/10/2026,Rays,Red Sox
5/10/2026,Rockies,Phillies
5/10/2026,Tigers,Royals
5/10/2026,Twins,Guardians
5/10/2026,Yankees,Brewers
5/11/2026,Angels,Guardians
5/11/2026,D-backs,Rangers
5/11/2026,Giants,Dodgers
5/11/2026,Mariners,Astros
5/11/2026,Rays,Blue Jays
5/11/2026,Yankees,Orioles
5/12/2026,Angels,Guardians
5/12/2026,Cardinals,Athletics
5/12/2026,Cubs,Braves
5/12/2026,D-backs,Rangers
5/12/2026,Giants,Dodgers
5/12/2026,Mariners,Astros
5/12/2026,Marlins,Twins
5/12/2026,Nationals,Reds
5/12/2026,Padres,Brewers
5/12/2026,Phillies,Red Sox
5/12/2026,Rays,Blue Jays
5/12/2026,Rockies,Pirates
5/12/2026,Royals,White Sox
5/12/2026,Tigers,Mets
5/12/2026,Yankees,Orioles
5/13/2026,Angels,Guardians
5/13/2026,Cardinals,Athletics
5/13/2026,Cubs,Braves
5/13/2026,D-backs,Rangers
5/13/2026,Giants,Dodgers
5/13/2026,Mariners,Astros
5/13/2026,Marlins,Twins
5/13/2026,Nationals,Reds
5/13/2026,Padres,Brewers
5/13/2026,Phillies,Red Sox
5/13/2026,Rays,Blue Jays
5/13/2026,Rockies,Pirates
5/13/2026,Royals,White Sox
5/13/2026,Tigers,Mets
5/13/2026,Yankees,Orioles
5/14/2026,Cardinals,Athletics
5/14/2026,Cubs,Braves
5/14/2026,Giants,Dodgers
5/14/2026,Mariners,Astros
5/14/2026,Marlins,Twins
5/14/2026,Nationals,Reds
5/14/2026,Padres,Brewers
5/14/2026,Phillies,Red Sox
5/14/2026,Rockies,Pirates
5/14/2026,Royals,White Sox
5/14/2026,Tigers,Mets
5/15/2026,Blue Jays,Tigers
5/15/2026,Brewers,Twins
5/15/2026,Cubs,White Sox
5/15/2026,D-backs,Rockies
5/15/2026,Dodgers,Angels
5/15/2026,Giants,Athletics
5/15/2026,Marlins,Rays
5/15/2026,Orioles,Nationals
5/15/2026,Padres,Mariners
5/15/2026,Phillies,Pirates
5/15/2026,Rangers,Astros
5/15/2026,Red Sox,Braves
5/15/2026,Reds,Guardians
5/15/2026,Royals,Cardinals
5/15/2026,Yankees,Mets
5/16/2026,Blue Jays,Tigers
5/16/2026,Brewers,Twins
5/16/2026,Cubs,White Sox
5/16/2026,D-backs,Rockies
5/16/2026,Dodgers,Angels
5/16/2026,Giants,Athletics
5/16/2026,Marlins,Rays
5/16/2026,Orioles,Nationals
5/16/2026,Padres,Mariners
5/16/2026,Phillies,Pirates
5/16/2026,Rangers,Astros
5/16/2026,Red Sox,Braves
5/16/2026,Reds,Guardians
5/16/2026,Royals,Cardinals
5/16/2026,Yankees,Mets
5/17/2026,Blue Jays,Tigers
5/17/2026,Brewers,Twins
5/17/2026,Cubs,White Sox
5/17/2026,D-backs,Rockies
5/17/2026,Dodgers,Angels
5/17/2026,Giants,Athletics
5/17/2026,Marlins,Rays
5/17/2026,Orioles,Nationals
5/17/2026,Padres,Mariners
5/17/2026,Phillies,Pirates
5/17/2026,Rangers,Astros
5/17/2026,Red Sox,Braves
5/17/2026,Reds,Guardians
5/17/2026,Royals,Cardinals
5/17/2026,Yankees,Mets
5/18/2026,Astros,Twins
5/18/2026,Athletics,Angels
5/18/2026,Blue Jays,Yankees
5/18/2026,Braves,Marlins
5/18/2026,Brewers,Cubs
5/18/2026,Dodgers,Padres
5/18/2026,Giants,D-backs
5/18/2026,Guardians,Tigers
5/18/2026,Mets,Nationals
5/18/2026,Orioles,Rays
5/18/2026,Rangers,Rockies
5/18/2026,Red Sox,Royals
5/18/2026,Reds,Phillies
5/18/2026,White Sox,Mariners
5/19/2026,Astros,Twins
5/19/2026,Athletics,Angels
5/19/2026,Blue Jays,Yankees
5/19/2026,Braves,Marlins
5/19/2026,Brewers,Cubs
5/19/2026,Dodgers,Padres
5/19/2026,Giants,D-backs
5/19/2026,Guardians,Tigers
5/19/2026,Mets,Nationals
5/19/2026,Orioles,Rays
5/19/2026,Pirates,Cardinals
5/19/2026,Rangers,Rockies
5/19/2026,Red Sox,Royals
5/19/2026,Reds,Phillies
5/19/2026,White Sox,Mariners
5/20/2026,Astros,Twins
5/20/2026,Athletics,Angels
5/20/2026,Blue Jays,Yankees
5/20/2026,Braves,Marlins
5/20/2026,Brewers,Cubs
5/20/2026,Dodgers,Padres
5/20/2026,Giants,D-backs
5/20/2026,Guardians,Tigers
5/20/2026,Mets,Nationals
5/20/2026,Orioles,Rays
5/20/2026,Pirates,Cardinals
5/20/2026,Rangers,Rockies
5/20/2026,Red Sox,Royals
5/20/2026,Reds,Phillies
5/20/2026,White Sox,Mariners
5/21/2026,Athletics,Angels
5/21/2026,Blue Jays,Yankees
5/21/2026,Braves,Marlins
5/21/2026,Guardians,Tigers
5/21/2026,Mets,Nationals
5/21/2026,Pirates,Cardinals
5/21/2026,Rockies,D-backs
5/22/2026,Astros,Cubs
5/22/2026,Athletics,Padres
5/22/2026,Cardinals,Reds
5/22/2026,Dodgers,Brewers
5/22/2026,Guardians,Phillies
5/22/2026,Mariners,Royals
5/22/2026,Mets,Marlins
5/22/2026,Nationals,Braves
5/22/2026,Pirates,Blue Jays
5/22/2026,Rangers,Angels
5/22/2026,Rays,Yankees
5/22/2026,Rockies,D-backs
5/22/2026,Tigers,Orioles
5/22/2026,Twins,Red Sox
5/22/2026,White Sox,Giants
5/23/2026,Astros,Cubs
5/23/2026,Athletics,Padres
5/23/2026,Cardinals,Reds
5/23/2026,Dodgers,Brewers
5/23/2026,Guardians,Phillies
5/23/2026,Mariners,Royals
5/23/2026,Mets,Marlins
5/23/2026,Nationals,Braves
5/23/2026,Pirates,Blue Jays
5/23/2026,Rangers,Angels
5/23/2026,Rays,Yankees
5/23/2026,Rockies,D-backs
5/23/2026,Tigers,Orioles
5/23/2026,Twins,Red Sox
5/23/2026,White Sox,Giants
5/24/2026,Astros,Cubs
5/24/2026,Athletics,Padres
5/24/2026,Cardinals,Reds
5/24/2026,Dodgers,Brewers
5/24/2026,Guardians,Phillies
5/24/2026,Mariners,Royals
5/24/2026,Mets,Marlins
5/24/2026,Nationals,Braves
5/24/2026,Pirates,Blue Jays
5/24/2026,Rangers,Angels
5/24/2026,Rays,Yankees
5/24/2026,Rockies,D-backs
5/24/2026,Tigers,Orioles
5/24/2026,Twins,Red Sox
5/24/2026,White Sox,Giants
5/25/2026,Astros,Rangers
5/25/2026,Cardinals,Brewers
5/25/2026,Cubs,Pirates
5/25/2026,D-backs,Giants
5/25/2026,Mariners,Athletics
5/25/2026,Marlins,Blue Jays
5/25/2026,Nationals,Guardians
5/25/2026,Phillies,Padres
5/25/2026,Rays,Orioles
5/25/2026,Reds,Mets
5/25/2026,Rockies,Dodgers
5/25/2026,Twins,White Sox
5/25/2026,Yankees,Royals
5/26/2026,Angels,Tigers
5/26/2026,Astros,Rangers
5/26/2026,Braves,Red Sox
5/26/2026,Cardinals,Brewers
5/26/2026,Cubs,Pirates
5/26/2026,D-backs,Giants
5/26/2026,Mariners,Athletics
5/26/2026,Marlins,Blue Jays
5/26/2026,Nationals,Guardians
5/26/2026,Phillies,Padres
5/26/2026,Rays,Orioles
5/26/2026,Reds,Mets
5/26/2026,Rockies,Dodgers
5/26/2026,Twins,White Sox
5/26/2026,Yankees,Royals
5/27/2026,Angels,Tigers
5/27/2026,Astros,Rangers
5/27/2026,Braves,Red Sox
5/27/2026,Cardinals,Brewers
5/27/2026,Cubs,Pirates
5/27/2026,D-backs,Giants
5/27/2026,Mariners,Athletics
5/27/2026,Marlins,Blue Jays
5/27/2026,Nationals,Guardians
5/27/2026,Phillies,Padres
5/27/2026,Rays,Orioles
5/27/2026,Reds,Mets
5/27/2026,Rockies,Dodgers
5/27/2026,Twins,White Sox
5/27/2026,Yankees,Royals
5/28/2026,Angels,Tigers
5/28/2026,Astros,Rangers
5/28/2026,Blue Jays,Orioles
5/28/2026,Braves,Red Sox
5/28/2026,Cubs,Pirates
5/28/2026,Twins,White Sox
5/29/2026,Angels,Rays
5/29/2026,Blue Jays,Orioles
5/29/2026,Braves,Reds
5/29/2026,Brewers,Astros
5/29/2026,Cubs,Cardinals
5/29/2026,D-backs,Mariners
5/29/2026,Giants,Rockies
5/29/2026,Marlins,Mets
5/29/2026,Padres,Nationals
5/29/2026,Phillies,Dodgers
5/29/2026,Red Sox,Guardians
5/29/2026,Royals,Rangers
5/29/2026,Tigers,White Sox
5/29/2026,Twins,Pirates
5/29/2026,Yankees,Athletics
5/30/2026,Angels,Rays
5/30/2026,Blue Jays,Orioles
5/30/2026,Braves,Reds
5/30/2026,Brewers,Astros
5/30/2026,Cubs,Cardinals
5/30/2026,D-backs,Mariners
5/30/2026,Giants,Rockies
5/30/2026,Marlins,Mets
5/30/2026,Padres,Nationals
5/30/2026,Phillies,Dodgers
5/30/2026,Red Sox,Guardians
5/30/2026,Royals,Rangers
5/30/2026,Tigers,White Sox
5/30/2026,Twins,Pirates
5/30/2026,Yankees,Athletics
5/31/2026,Angels,Rays
5/31/2026,Blue Jays,Orioles
5/31/2026,Braves,Reds
5/31/2026,Brewers,Astros
5/31/2026,Cubs,Cardinals
5/31/2026,D-backs,Mariners
5/31/2026,Giants,Rockies
5/31/2026,Marlins,Mets
5/31/2026,Padres,Nationals
5/31/2026,Phillies,Dodgers
5/31/2026,Red Sox,Guardians
5/31/2026,Royals,Rangers
5/31/2026,Tigers,White Sox
5/31/2026,Twins,Pirates
5/31/2026,Yankees,Athletics
6/1/2026,Dodgers,D-backs
6/1/2026,Giants,Brewers
6/1/2026,Marlins,Nationals
6/1/2026,Mets,Mariners
6/1/2026,Rangers,Cardinals
6/1/2026,Rockies,Angels
6/1/2026,Royals,Reds
6/1/2026,Tigers,Rays
6/1/2026,White Sox,Twins
6/2/2026,Athletics,Cubs
6/2/2026,Blue Jays,Braves
6/2/2026,Dodgers,D-backs
6/2/2026,Giants,Brewers
6/2/2026,Guardians,Yankees
6/2/2026,Marlins,Nationals
6/2/2026,Mets,Mariners
6/2/2026,Orioles,Red Sox
6/2/2026,Padres,Phillies
6/2/2026,Pirates,Astros
6/2/2026,Rangers,Cardinals
6/2/2026,Rockies,Angels
6/2/2026,Royals,Reds
6/2/2026,Tigers,Rays
6/2/2026,White Sox,Twins
6/3/2026,Athletics,Cubs
6/3/2026,Blue Jays,Braves
6/3/2026,Dodgers,D-backs
6/3/2026,Giants,Brewers
6/3/2026,Guardians,Yankees
6/3/2026,Marlins,Nationals
6/3/2026,Mets,Mariners
6/3/2026,Orioles,Red Sox
6/3/2026,Padres,Phillies
6/3/2026,Pirates,Astros
6/3/2026,Rangers,Cardinals
6/3/2026,Rockies,Angels
6/3/2026,Royals,Reds
6/3/2026,Tigers,Rays
6/3/2026,White Sox,Twins
6/4/2026,Athletics,Cubs
6/4/2026,Blue Jays,Braves
6/4/2026,Dodgers,D-backs
6/4/2026,Giants,Brewers
6/4/2026,Guardians,Yankees
6/4/2026,Orioles,Red Sox
6/4/2026,Padres,Phillies
6/4/2026,Pirates,Astros
6/4/2026,Royals,Twins
6/5/2026,Angels,Dodgers
6/5/2026,Athletics,Astros
6/5/2026,Brewers,Rockies
6/5/2026,Giants,Cubs
6/5/2026,Guardians,Rangers
6/5/2026,Mariners,Tigers
6/5/2026,Mets,Padres
6/5/2026,Nationals,D-backs
6/5/2026,Orioles,Blue Jays
6/5/2026,Pirates,Braves
6/5/2026,Rays,Marlins
6/5/2026,Red Sox,Yankees
6/5/2026,Reds,Cardinals
6/5/2026,Royals,Twins
6/5/2026,White Sox,Phillies
6/6/2026,Angels,Dodgers
6/6/2026,Athletics,Astros
6/6/2026,Brewers,Rockies
6/6/2026,Giants,Cubs
6/6/2026,Guardians,Rangers
6/6/2026,Mariners,Tigers
6/6/2026,Mets,Padres
6/6/2026,Nationals,D-backs
6/6/2026,Orioles,Blue Jays
6/6/2026,Pirates,Braves
6/6/2026,Rays,Marlins
6/6/2026,Red Sox,Yankees
6/6/2026,Reds,Cardinals
6/6/2026,Royals,Twins
6/6/2026,White Sox,Phillies
6/7/2026,Angels,Dodgers
6/7/2026,Athletics,Astros
6/7/2026,Brewers,Rockies
6/7/2026,Giants,Cubs
6/7/2026,Guardians,Rangers
6/7/2026,Mariners,Tigers
6/7/2026,Mets,Padres
6/7/2026,Nationals,D-backs
6/7/2026,Orioles,Blue Jays
6/7/2026,Pirates,Braves
6/7/2026,Rays,Marlins
6/7/2026,Red Sox,Yankees
6/7/2026,Reds,Cardinals
6/7/2026,Royals,Twins
6/7/2026,White Sox,Phillies
6/8/2026,Astros,Angels
6/8/2026,Brewers,Athletics
6/8/2026,Mariners,Orioles
6/8/2026,Nationals,Giants
6/8/2026,Phillies,Blue Jays
6/8/2026,Red Sox,Rays
6/8/2026,Reds,Padres
6/8/2026,Yankees,Guardians
6/9/2026,Astros,Angels
6/9/2026,Braves,White Sox
6/9/2026,Brewers,Athletics
6/9/2026,Cardinals,Mets
6/9/2026,Cubs,Rockies
6/9/2026,D-backs,Marlins
6/9/2026,Dodgers,Pirates
6/9/2026,Mariners,Orioles
6/9/2026,Nationals,Giants
6/9/2026,Phillies,Blue Jays
6/9/2026,Rangers,Royals
6/9/2026,Red Sox,Rays
6/9/2026,Reds,Padres
6/9/2026,Twins,Tigers
6/9/2026,Yankees,Guardians
6/10/2026,Astros,Angels
6/10/2026,Braves,White Sox
6/10/2026,Brewers,Athletics
6/10/2026,Cardinals,Mets
6/10/2026,Cubs,Rockies
6/10/2026,D-backs,Marlins
6/10/2026,Dodgers,Pirates
6/10/2026,Mariners,Orioles
6/10/2026,Nationals,Giants
6/10/2026,Phillies,Blue Jays
6/10/2026,Rangers,Royals
6/10/2026,Red Sox,Rays
6/10/2026,Reds,Padres
6/10/2026,Twins,Tigers
6/10/2026,Yankees,Guardians
6/11/2026,Braves,White Sox
6/11/2026,Cardinals,Mets
6/11/2026,Cubs,Rockies
6/11/2026,D-backs,Marlins
6/11/2026,Dodgers,Pirates
6/11/2026,Mariners,Orioles
6/11/2026,Rangers,Royals
6/11/2026,Twins,Tigers
6/12/2026,Astros,Royals
6/12/2026,Braves,Mets
6/12/2026,Cardinals,Twins
6/12/2026,Cubs,Giants
6/12/2026,D-backs,Reds
6/12/2026,Dodgers,White Sox
6/12/2026,Mariners,Nationals
6/12/2026,Marlins,Pirates
6/12/2026,Padres,Orioles
6/12/2026,Phillies,Brewers
6/12/2026,Rangers,Red Sox
6/12/2026,Rays,Angels
6/12/2026,Rockies,Athletics
6/12/2026,Tigers,Guardians
6/12/2026,Yankees,Blue Jays
6/13/2026,Astros,Royals
6/13/2026,Braves,Mets
6/13/2026,Cardinals,Twins
6/13/2026,Cubs,Giants
6/13/2026,D-backs,Reds
6/13/2026,Dodgers,White Sox
6/13/2026,Mariners,Nationals
6/13/2026,Marlins,Pirates
6/13/2026,Padres,Orioles
6/13/2026,Phillies,Brewers
6/13/2026,Rangers,Red Sox
6/13/2026,Rays,Angels
6/13/2026,Rockies,Athletics
6/13/2026,Tigers,Guardians
6/13/2026,Yankees,Blue Jays
6/14/2026,Astros,Royals
6/14/2026,Braves,Mets
6/14/2026,Cardinals,Twins
6/14/2026,Cubs,Giants
6/14/2026,D-backs,Reds
6/14/2026,Dodgers,White Sox
6/14/2026,Mariners,Nationals
6/14/2026,Marlins,Pirates
6/14/2026,Padres,Orioles
6/14/2026,Phillies,Brewers
6/14/2026,Rangers,Red Sox
6/14/2026,Rays,Angels
6/14/2026,Rockies,Athletics
6/14/2026,Tigers,Guardians
6/14/2026,Yankees,Blue Jays
6/15/2026,Angels,D-backs
6/15/2026,Marlins,Phillies
6/15/2026,Mets,Reds
6/15/2026,Padres,Cardinals
6/15/2026,Pirates,Athletics
6/15/2026,Rays,Dodgers
6/15/2026,Rockies,Cubs
6/15/2026,Royals,Nationals
6/15/2026,Tigers,Astros
6/15/2026,Twins,Rangers
6/16/2026,Angels,D-backs
6/16/2026,Blue Jays,Red Sox
6/16/2026,Giants,Braves
6/16/2026,Guardians,Brewers
6/16/2026,Marlins,Phillies
6/16/2026,Mets,Reds
6/16/2026,Orioles,Mariners
6/16/2026,Padres,Cardinals
6/16/2026,Pirates,Athletics
6/16/2026,Rays,Dodgers
6/16/2026,Rockies,Cubs
6/16/2026,Royals,Nationals
6/16/2026,Tigers,Astros
6/16/2026,Twins,Rangers
6/16/2026,White Sox,Yankees
6/17/2026,Angels,D-backs
6/17/2026,Blue Jays,Red Sox
6/17/2026,Giants,Braves
6/17/2026,Guardians,Brewers
6/17/2026,Marlins,Phillies
6/17/2026,Mets,Reds
6/17/2026,Orioles,Mariners
6/17/2026,Padres,Cardinals
6/17/2026,Pirates,Athletics
6/17/2026,Rays,Dodgers
6/17/2026,Rockies,Cubs
6/17/2026,Royals,Nationals
6/17/2026,Tigers,Astros
6/17/2026,White Sox,Yankees
6/18/2026,Angels,Athletics
6/18/2026,Blue Jays,Red Sox
6/18/2026,Cardinals,Royals
6/18/2026,Giants,Braves
6/18/2026,Guardians,Brewers
6/18/2026,Mets,Phillies
6/18/2026,Orioles,Mariners
6/18/2026,Twins,Rangers
6/18/2026,White Sox,Yankees
6/19/2026,Angels,Athletics
6/19/2026,Blue Jays,Cubs
6/19/2026,Brewers,Braves
6/19/2026,Cardinals,Royals
6/19/2026,Giants,Marlins
6/19/2026,Guardians,Astros
6/19/2026,Nationals,Rays
6/19/2026,Orioles,Dodgers
6/19/2026,Padres,Rangers
6/19/2026,Pirates,Rockies
6/19/2026,Reds,Yankees
6/19/2026,Twins,D-backs
6/19/2026,White Sox,Tigers
6/20/2026,Angels,Athletics
6/20/2026,Blue Jays,Cubs
6/20/2026,Brewers,Braves
6/20/2026,Giants,Marlins
6/20/2026,Guardians,Astros
6/20/2026,Mets,Phillies
6/20/2026,Nationals,Rays
6/20/2026,Orioles,Dodgers
6/20/2026,Padres,Rangers
6/20/2026,Pirates,Rockies
6/20/2026,Red Sox,Mariners
6/20/2026,Red Sox,Mariners
6/20/2026,Reds,Yankees
6/20/2026,Twins,D-backs
6/20/2026,White Sox,Tigers
6/21/2026,Angels,Athletics
6/21/2026,Blue Jays,Cubs
6/21/2026,Brewers,Braves
6/21/2026,Cardinals,Royals
6/21/2026,Giants,Marlins
6/21/2026,Guardians,Astros
6/21/2026,Mets,Phillies
6/21/2026,Nationals,Rays
6/21/2026,Orioles,Dodgers
6/21/2026,Padres,Rangers
6/21/2026,Pirates,Rockies
6/21/2026,Red Sox,Mariners
6/21/2026,Reds,Yankees
6/21/2026,Twins,D-backs
6/21/2026,White Sox,Tigers
6/22/2026,Astros,Blue Jays
6/22/2026,Braves,Padres
6/22/2026,Brewers,Reds
6/22/2026,Cubs,Mets
6/22/2026,D-backs,Cardinals
6/22/2026,Dodgers,Twins
6/22/2026,Guardians,White Sox
6/22/2026,Orioles,Angels
6/22/2026,Phillies,Nationals
6/22/2026,Rangers,Marlins
6/22/2026,Red Sox,Rockies
6/22/2026,Royals,Rays
6/22/2026,Yankees,Tigers
6/23/2026,Astros,Blue Jays
6/23/2026,Athletics,Giants
6/23/2026,Braves,Padres
6/23/2026,Brewers,Reds
6/23/2026,Cubs,Mets
6/23/2026,D-backs,Cardinals
6/23/2026,Dodgers,Twins
6/23/2026,Guardians,White Sox
6/23/2026,Mariners,Pirates
6/23/2026,Orioles,Angels
6/23/2026,Phillies,Nationals
6/23/2026,Rangers,Marlins
6/23/2026,Red Sox,Rockies
6/23/2026,Royals,Rays
6/23/2026,Yankees,Tigers
6/24/2026,Astros,Blue Jays
6/24/2026,Athletics,Giants
6/24/2026,Braves,Padres
6/24/2026,Brewers,Reds
6/24/2026,Cubs,Mets
6/24/2026,D-backs,Cardinals
6/24/2026,Dodgers,Twins
6/24/2026,Guardians,White Sox
6/24/2026,Mariners,Pirates
6/24/2026,Orioles,Angels
6/24/2026,Phillies,Nationals
6/24/2026,Rangers,Marlins
6/24/2026,Red Sox,Rockies
6/24/2026,Royals,Rays
6/24/2026,Yankees,Tigers
6/25/2026,Astros,Tigers
6/25/2026,Athletics,Giants
6/25/2026,Cubs,Mets
6/25/2026,D-backs,Cardinals
6/25/2026,Mariners,Pirates
6/25/2026,Phillies,Nationals
6/25/2026,Rangers,Blue Jays
6/25/2026,Royals,Rays
6/25/2026,Yankees,Red Sox
6/26/2026,Astros,Tigers
6/26/2026,Athletics,Angels
6/26/2026,Braves,Giants
6/26/2026,Cubs,Brewers
6/26/2026,D-backs,Rays
6/26/2026,Dodgers,Padres
6/26/2026,Mariners,Guardians
6/26/2026,Marlins,Cardinals
6/26/2026,Nationals,Orioles
6/26/2026,Phillies,Mets
6/26/2026,Rangers,Blue Jays
6/26/2026,Reds,Pirates
6/26/2026,Rockies,Twins
6/26/2026,Royals,White Sox
6/26/2026,Yankees,Red Sox
6/27/2026,Astros,Tigers
6/27/2026,Athletics,Angels
6/27/2026,Braves,Giants
6/27/2026,Cubs,Brewers
6/27/2026,D-backs,Rays
6/27/2026,Dodgers,Padres
6/27/2026,Mariners,Guardians
6/27/2026,Marlins,Cardinals
6/27/2026,Nationals,Orioles
6/27/2026,Phillies,Mets
6/27/2026,Rangers,Blue Jays
6/27/2026,Reds,Pirates
6/27/2026,Rockies,Twins
6/27/2026,Royals,White Sox
6/27/2026,Yankees,Red Sox
6/28/2026,Astros,Tigers
6/28/2026,Athletics,Angels
6/28/2026,Braves,Giants
6/28/2026,Cubs,Brewers
6/28/2026,D-backs,Rays
6/28/2026,Dodgers,Padres
6/28/2026,Mariners,Guardians
6/28/2026,Marlins,Cardinals
6/28/2026,Nationals,Orioles
6/28/2026,Phillies,Mets
6/28/2026,Rangers,Blue Jays
6/28/2026,Reds,Pirates
6/28/2026,Rockies,Twins
6/28/2026,Royals,White Sox
6/28/2026,Yankees,Red Sox
6/29/2026,Angels,Mariners
6/29/2026,Dodgers,Athletics
6/29/2026,Giants,D-backs
6/29/2026,Marlins,Rockies
6/29/2026,Mets,Blue Jays
6/29/2026,Nationals,Red Sox
6/29/2026,Padres,Cubs
6/29/2026,Pirates,Phillies
6/29/2026,Rangers,Guardians
6/29/2026,Reds,Brewers
6/29/2026,Tigers,Yankees
6/29/2026,Twins,Astros
6/29/2026,White Sox,Orioles
6/30/2026,Angels,Mariners
6/30/2026,Cardinals,Braves
6/30/2026,Dodgers,Athletics
6/30/2026,Giants,D-backs
6/30/2026,Marlins,Rockies
6/30/2026,Mets,Blue Jays
6/30/2026,Nationals,Red Sox
6/30/2026,Padres,Cubs
6/30/2026,Pirates,Phillies
6/30/2026,Rangers,Guardians
6/30/2026,Rays,Royals
6/30/2026,Reds,Brewers
6/30/2026,Tigers,Yankees
6/30/2026,Twins,Astros
6/30/2026,White Sox,Orioles
7/1/2026,Cardinals,Braves
7/1/2026,Dodgers,Athletics
7/1/2026,Giants,D-backs
7/1/2026,Marlins,Rockies
7/1/2026,Mets,Blue Jays
7/1/2026,Nationals,Red Sox
7/1/2026,Padres,Cubs
7/1/2026,Pirates,Phillies
7/1/2026,Rangers,Guardians
7/1/2026,Rays,Royals
7/1/2026,Reds,Brewers
7/1/2026,Tigers,Yankees
7/1/2026,Twins,Astros
7/1/2026,White Sox,Orioles
7/2/2026,Angels,Mariners
7/2/2026,Cardinals,Braves
7/2/2026,Marlins,Rockies
7/2/2026,Padres,Dodgers
7/2/2026,Pirates,Phillies
7/2/2026,Rays,Royals
7/2/2026,Reds,Brewers
7/2/2026,Tigers,Rangers
7/2/2026,White Sox,Guardians
7/3/2026,Blue Jays,Mariners
7/3/2026,Brewers,D-backs
7/3/2026,Cardinals,Cubs
7/3/2026,Giants,Rockies
7/3/2026,Marlins,Athletics
7/3/2026,Mets,Braves
7/3/2026,Orioles,Reds
7/3/2026,Padres,Dodgers
7/3/2026,Pirates,Nationals
7/3/2026,Rays,Astros
7/3/2026,Red Sox,Angels
7/3/2026,Twins,Yankees
7/3/2026,White Sox,Guardians
7/4/2026,Blue Jays,Mariners
7/4/2026,Brewers,D-backs
7/4/2026,Cardinals,Cubs
7/4/2026,Giants,Rockies
7/4/2026,Marlins,Athletics
7/4/2026,Mets,Braves
7/4/2026,Orioles,Reds
7/4/2026,Padres,Dodgers
7/4/2026,Phillies,Royals
7/4/2026,Pirates,Nationals
7/4/2026,Rays,Astros
7/4/2026,Red Sox,Angels
7/4/2026,Tigers,Rangers
7/4/2026,Twins,Yankees
7/4/2026,White Sox,Guardians
7/5/2026,Blue Jays,Mariners
7/5/2026,Brewers,D-backs
7/5/2026,Cardinals,Cubs
7/5/2026,Giants,Rockies
7/5/2026,Marlins,Athletics
7/5/2026,Mets,Braves
7/5/2026,Orioles,Reds
7/5/2026,Padres,Dodgers
7/5/2026,Phillies,Royals
7/5/2026,Pirates,Nationals
7/5/2026,Rays,Astros
7/5/2026,Red Sox,Angels
7/5/2026,Tigers,Rangers
7/5/2026,Twins,Yankees
7/5/2026,White Sox,Guardians
7/6/2026,Astros,Nationals
7/6/2026,Blue Jays,Giants
7/6/2026,Brewers,Cardinals
7/6/2026,D-backs,Padres
7/6/2026,Mets,Braves
7/6/2026,Phillies,Royals
7/6/2026,Rockies,Dodgers
7/6/2026,Yankees,Rays
7/7/2026,Angels,Rangers
7/7/2026,Astros,Nationals
7/7/2026,Athletics,Tigers
7/7/2026,Blue Jays,Giants
7/7/2026,Braves,Pirates
7/7/2026,Brewers,Cardinals
7/7/2026,Cubs,Orioles
7/7/2026,D-backs,Padres
7/7/2026,Guardians,Twins
7/7/2026,Mariners,Marlins
7/7/2026,Phillies,Reds
7/7/2026,Red Sox,White Sox
7/7/2026,Rockies,Dodgers
7/7/2026,Royals,Mets
7/7/2026,Yankees,Rays
7/8/2026,Angels,Rangers
7/8/2026,Astros,Nationals
7/8/2026,Athletics,Tigers
7/8/2026,Blue Jays,Giants
7/8/2026,Braves,Pirates
7/8/2026,Brewers,Cardinals
7/8/2026,Cubs,Orioles
7/8/2026,D-backs,Padres
7/8/2026,Guardians,Twins
7/8/2026,Mariners,Marlins
7/8/2026,Phillies,Reds
7/8/2026,Red Sox,White Sox
7/8/2026,Rockies,Dodgers
7/8/2026,Royals,Mets
7/8/2026,Yankees,Rays
7/9/2026,Angels,Rangers
7/9/2026,Athletics,Tigers
7/9/2026,Braves,Pirates
7/9/2026,Brewers,Cardinals
7/9/2026,Cubs,Orioles
7/9/2026,D-backs,Padres
7/9/2026,Guardians,Twins
7/9/2026,Mariners,Marlins
7/9/2026,Phillies,Reds
7/9/2026,Red Sox,White Sox
7/9/2026,Rockies,Giants
7/9/2026,Royals,Mets
7/9/2026,Yankees,Rays
7/10/2026,Angels,Twins
7/10/2026,Astros,Rangers
7/10/2026,Athletics,White Sox
7/10/2026,Blue Jays,Padres
7/10/2026,Braves,Cardinals
7/10/2026,Brewers,Pirates
7/10/2026,Cubs,Reds
7/10/2026,D-backs,Dodgers
7/10/2026,Guardians,Marlins
7/10/2026,Mariners,Rays
7/10/2026,Phillies,Tigers
7/10/2026,Red Sox,Mets
7/10/2026,Rockies,Giants
7/10/2026,Royals,Orioles
7/10/2026,Yankees,Nationals
7/11/2026,Angels,Twins
7/11/2026,Astros,Rangers
7/11/2026,Athletics,White Sox
7/11/2026,Blue Jays,Padres
7/11/2026,Braves,Cardinals
7/11/2026,Brewers,Pirates
7/11/2026,Cubs,Reds
7/11/2026,D-backs,Dodgers
7/11/2026,Guardians,Marlins
7/11/2026,Mariners,Rays
7/11/2026,Phillies,Tigers
7/11/2026,Red Sox,Mets
7/11/2026,Rockies,Giants
7/11/2026,Royals,Orioles
7/11/2026,Yankees,Nationals
7/12/2026,Angels,Twins
7/12/2026,Astros,Rangers
7/12/2026,Athletics,White Sox
7/12/2026,Blue Jays,Padres
7/12/2026,Braves,Cardinals
7/12/2026,Brewers,Pirates
7/12/2026,Cubs,Reds
7/12/2026,D-backs,Dodgers
7/12/2026,Guardians,Marlins
7/12/2026,Mariners,Rays
7/12/2026,Phillies,Tigers
7/12/2026,Red Sox,Mets
7/12/2026,Rockies,Giants
7/12/2026,Royals,Orioles
7/12/2026,Yankees,Nationals
7/17/2026,Cardinals,D-backs
7/17/2026,Dodgers,Yankees
7/17/2026,Giants,Mariners
7/17/2026,Marlins,Brewers
7/17/2026,Mets,Phillies
7/17/2026,Nationals,Athletics
7/17/2026,Orioles,Astros
7/17/2026,Padres,Royals
7/17/2026,Pirates,Guardians
7/17/2026,Rangers,Braves
7/17/2026,Rays,Red Sox
7/17/2026,Reds,Rockies
7/17/2026,Tigers,Angels
7/17/2026,Twins,Cubs
7/17/2026,White Sox,Blue Jays
7/18/2026,Cardinals,D-backs
7/18/2026,Dodgers,Yankees
7/18/2026,Giants,Mariners
7/18/2026,Marlins,Brewers
7/18/2026,Mets,Phillies
7/18/2026,Nationals,Athletics
7/18/2026,Orioles,Astros
7/18/2026,Padres,Royals
7/18/2026,Pirates,Guardians
7/18/2026,Rangers,Braves
7/18/2026,Rays,Red Sox
7/18/2026,Reds,Rockies
7/18/2026,Tigers,Angels
7/18/2026,Twins,Cubs
7/18/2026,White Sox,Blue Jays
7/19/2026,Cardinals,D-backs
7/19/2026,Dodgers,Yankees
7/19/2026,Giants,Mariners
7/19/2026,Marlins,Brewers
7/19/2026,Mets,Phillies
7/19/2026,Nationals,Athletics
7/19/2026,Orioles,Astros
7/19/2026,Padres,Royals
7/19/2026,Pirates,Guardians
7/19/2026,Rangers,Braves
7/19/2026,Rays,Red Sox
7/19/2026,Reds,Rockies
7/19/2026,Tigers,Angels
7/19/2026,Twins,Cubs
7/19/2026,White Sox,Blue Jays
7/20/2026,Athletics,D-backs
7/20/2026,Cardinals,Angels
7/20/2026,Dodgers,Phillies
7/20/2026,Giants,Royals
7/20/2026,Marlins,Astros
7/20/2026,Mets,Brewers
7/20/2026,Nationals,Rockies
7/20/2026,Orioles,Red Sox
7/20/2026,Padres,Braves
7/20/2026,Pirates,Yankees
7/20/2026,Rays,Blue Jays
7/20/2026,Reds,Mariners
7/20/2026,Tigers,Cubs
7/20/2026,Twins,Guardians
7/20/2026,White Sox,Rangers
7/21/2026,Athletics,D-backs
7/21/2026,Cardinals,Angels
7/21/2026,Dodgers,Phillies
7/21/2026,Giants,Royals
7/21/2026,Marlins,Astros
7/21/2026,Mets,Brewers
7/21/2026,Nationals,Rockies
7/21/2026,Orioles,Red Sox
7/21/2026,Padres,Braves
7/21/2026,Pirates,Yankees
7/21/2026,Rays,Blue Jays
7/21/2026,Reds,Mariners
7/21/2026,Tigers,Cubs
7/21/2026,Twins,Guardians
7/21/2026,White Sox,Rangers
7/22/2026,Athletics,D-backs
7/22/2026,Cardinals,Angels
7/22/2026,Dodgers,Phillies
7/22/2026,Giants,Royals
7/22/2026,Marlins,Astros
7/22/2026,Mets,Brewers
7/22/2026,Nationals,Rockies
7/22/2026,Orioles,Red Sox
7/22/2026,Padres,Braves
7/22/2026,Pirates,Yankees
7/22/2026,Rays,Blue Jays
7/22/2026,Reds,Mariners
7/22/2026,Tigers,Cubs
7/22/2026,Twins,Guardians
7/22/2026,White Sox,Rangers
7/23/2026,Padres,Braves
7/23/2026,Rays,Blue Jays
7/23/2026,Royals,Tigers
7/23/2026,Twins,Guardians
7/24/2026,Angels,Giants
7/24/2026,Astros,White Sox
7/24/2026,Athletics,Twins
7/24/2026,Blue Jays,Red Sox
7/24/2026,Braves,Orioles
7/24/2026,Cubs,Pirates
7/24/2026,D-backs,Nationals
7/24/2026,Dodgers,Mets
7/24/2026,Guardians,Rays
7/24/2026,Mariners,Rangers
7/24/2026,Padres,Marlins
7/24/2026,Reds,Cardinals
7/24/2026,Rockies,Brewers
7/24/2026,Royals,Tigers
7/24/2026,Yankees,Phillies
7/25/2026,Angels,Giants
7/25/2026,Astros,White Sox
7/25/2026,Athletics,Twins
7/25/2026,Blue Jays,Red Sox
7/25/2026,Braves,Orioles
7/25/2026,Cubs,Pirates
7/25/2026,D-backs,Nationals
7/25/2026,Dodgers,Mets
7/25/2026,Guardians,Rays
7/25/2026,Mariners,Rangers
7/25/2026,Padres,Marlins
7/25/2026,Reds,Cardinals
7/25/2026,Rockies,Brewers
7/25/2026,Royals,Tigers
7/25/2026,Yankees,Phillies
7/26/2026,Cubs,Pirates
7/26/2026,Angels,Giants
7/26/2026,Astros,White Sox
7/26/2026,Athletics,Twins
7/26/2026,Blue Jays,Red Sox
7/26/2026,Braves,Orioles
7/26/2026,D-backs,Nationals
7/26/2026,Dodgers,Mets
7/26/2026,Guardians,Rays
7/26/2026,Mariners,Rangers
7/26/2026,Padres,Marlins
7/26/2026,Reds,Cardinals
7/26/2026,Rockies,Brewers
7/26/2026,Royals,Tigers
7/26/2026,Yankees,Phillies
7/27/2026,Astros,Angels
7/27/2026,Blue Jays,Nationals
7/27/2026,Braves,Mets
7/27/2026,Brewers,Giants
7/27/2026,Cubs,Cardinals
7/27/2026,D-backs,Pirates
7/27/2026,Guardians,Reds
7/27/2026,Mariners,Rangers
7/27/2026,Orioles,Tigers
7/27/2026,Phillies,Marlins
7/27/2026,Red Sox,Athletics
7/27/2026,Yankees,White Sox
7/28/2026,Astros,Angels
7/28/2026,Blue Jays,Nationals
7/28/2026,Braves,Mets
7/28/2026,Brewers,Giants
7/28/2026,Cubs,Cardinals
7/28/2026,D-backs,Pirates
7/28/2026,Guardians,Reds
7/28/2026,Mariners,Dodgers
7/28/2026,Orioles,Tigers
7/28/2026,Phillies,Marlins
7/28/2026,Rangers,Rays
7/28/2026,Red Sox,Athletics
7/28/2026,Rockies,Padres
7/28/2026,Royals,Twins
7/28/2026,Yankees,White Sox
7/29/2026,Astros,Angels
7/29/2026,Blue Jays,Nationals
7/29/2026,Braves,Mets
7/29/2026,Brewers,Giants
7/29/2026,Cubs,Cardinals
7/29/2026,D-backs,Pirates
7/29/2026,Guardians,Reds
7/29/2026,Mariners,Dodgers
7/29/2026,Orioles,Tigers
7/29/2026,Phillies,Marlins
7/29/2026,Rangers,Rays
7/29/2026,Red Sox,Athletics
7/29/2026,Rockies,Padres
7/29/2026,Royals,Twins
7/29/2026,Yankees,White Sox
7/30/2026,Cubs,Cardinals
7/30/2026,Giants,Padres
7/30/2026,Mariners,Dodgers
7/30/2026,Marlins,Mets
7/30/2026,Nationals,Braves
7/30/2026,Pirates,Reds
7/30/2026,Rangers,Rays
7/30/2026,Red Sox,Athletics
7/30/2026,Royals,Twins
7/30/2026,Yankees,White Sox
7/31/2026,Brewers,Angels
7/31/2026,Cardinals,Blue Jays
7/31/2026,D-backs,Guardians
7/31/2026,Giants,Padres
7/31/2026,Marlins,Mets
7/31/2026,Nationals,Braves
7/31/2026,Phillies,Orioles
7/31/2026,Pirates,Reds
7/31/2026,Rangers,Astros
7/31/2026,Red Sox,Dodgers
7/31/2026,Royals,Rockies
7/31/2026,Tigers,Athletics
7/31/2026,Twins,Mariners
7/31/2026,White Sox,Rays
7/31/2026,Yankees,Cubs
8/1/2026,Brewers,Angels
8/1/2026,Cardinals,Blue Jays
8/1/2026,D-backs,Guardians
8/1/2026,Giants,Padres
8/1/2026,Marlins,Mets
8/1/2026,Nationals,Braves
8/1/2026,Phillies,Orioles
8/1/2026,Pirates,Reds
8/1/2026,Rangers,Astros
8/1/2026,Red Sox,Dodgers
8/1/2026,Royals,Rockies
8/1/2026,Tigers,Athletics
8/1/2026,Twins,Mariners
8/1/2026,White Sox,Rays
8/1/2026,Yankees,Cubs
8/2/2026,Brewers,Angels
8/2/2026,Cardinals,Blue Jays
8/2/2026,D-backs,Guardians
8/2/2026,Giants,Padres
8/2/2026,Marlins,Mets
8/2/2026,Nationals,Braves
8/2/2026,Phillies,Orioles
8/2/2026,Pirates,Reds
8/2/2026,Rangers,Astros
8/2/2026,Red Sox,Dodgers
8/2/2026,Royals,Rockies
8/2/2026,Tigers,Athletics
8/2/2026,Twins,Mariners
8/2/2026,White Sox,Rays
8/2/2026,Yankees,Cubs
8/3/2026,Blue Jays,Astros
8/3/2026,Cardinals,Yankees
8/3/2026,Dodgers,Cubs
8/3/2026,Giants,Rangers
8/3/2026,Nationals,Phillies
8/3/2026,Padres,D-backs
8/3/2026,Pirates,Brewers
8/3/2026,Rays,Rockies
8/4/2026,Angels,Orioles
8/4/2026,Athletics,Reds
8/4/2026,Blue Jays,Astros
8/4/2026,Cardinals,Yankees
8/4/2026,Dodgers,Cubs
8/4/2026,Giants,Rangers
8/4/2026,Marlins,Braves
8/4/2026,Mets,Guardians
8/4/2026,Nationals,Phillies
8/4/2026,Padres,D-backs
8/4/2026,Pirates,Brewers
8/4/2026,Rays,Rockies
8/4/2026,Tigers,Mariners
8/4/2026,Twins,Royals
8/4/2026,White Sox,Red Sox
8/5/2026,Angels,Orioles
8/5/2026,Athletics,Reds
8/5/2026,Blue Jays,Astros
8/5/2026,Cardinals,Yankees
8/5/2026,Dodgers,Cubs
8/5/2026,Giants,Rangers
8/5/2026,Marlins,Braves
8/5/2026,Mets,Guardians
8/5/2026,Nationals,Phillies
8/5/2026,Padres,D-backs
8/5/2026,Pirates,Brewers
8/5/2026,Rays,Rockies
8/5/2026,Tigers,Mariners
8/5/2026,Twins,Royals
8/5/2026,White Sox,Red Sox
8/6/2026,Angels,Orioles
8/6/2026,Athletics,Reds
8/6/2026,Marlins,Braves
8/6/2026,Mets,Guardians
8/6/2026,Nationals,Phillies
8/6/2026,Padres,D-backs
8/6/2026,Pirates,Brewers
8/6/2026,Tigers,Mariners
8/6/2026,Twins,Royals
8/6/2026,White Sox,Red Sox
8/7/2026,Angels,Marlins
8/7/2026,Astros,Padres
8/7/2026,Athletics,Red Sox
8/7/2026,Blue Jays,Phillies
8/7/2026,Braves,Yankees
8/7/2026,Cubs,Royals
8/7/2026,Dodgers,D-backs
8/7/2026,Guardians,White Sox
8/7/2026,Mets,Pirates
8/7/2026,Orioles,Rangers
8/7/2026,Rays,Mariners
8/7/2026,Reds,Nationals
8/7/2026,Rockies,Cardinals
8/7/2026,Tigers,Giants
8/7/2026,Twins,Brewers
8/8/2026,Angels,Marlins
8/8/2026,Astros,Padres
8/8/2026,Athletics,Red Sox
8/8/2026,Blue Jays,Phillies
8/8/2026,Braves,Yankees
8/8/2026,Cubs,Royals
8/8/2026,Dodgers,D-backs
8/8/2026,Guardians,White Sox
8/8/2026,Mets,Pirates
8/8/2026,Orioles,Rangers
8/8/2026,Rays,Mariners
8/8/2026,Reds,Nationals
8/8/2026,Rockies,Cardinals
8/8/2026,Tigers,Giants
8/8/2026,Twins,Brewers
8/9/2026,Angels,Marlins
8/9/2026,Astros,Padres
8/9/2026,Athletics,Red Sox
8/9/2026,Blue Jays,Phillies
8/9/2026,Braves,Yankees
8/9/2026,Cubs,Royals
8/9/2026,Dodgers,D-backs
8/9/2026,Guardians,White Sox
8/9/2026,Mets,Pirates
8/9/2026,Orioles,Rangers
8/9/2026,Rays,Mariners
8/9/2026,Reds,Nationals
8/9/2026,Rockies,Cardinals
8/9/2026,Tigers,Giants
8/9/2026,Twins,Brewers
8/10/2026,Astros,Giants
8/10/2026,Brewers,Padres
8/10/2026,Mets,Braves
8/10/2026,Orioles,Twins
8/10/2026,Phillies,Cardinals
8/10/2026,Rangers,Angels
8/10/2026,Rays,Athletics
8/10/2026,Red Sox,Blue Jays
8/10/2026,Rockies,D-backs
8/10/2026,Royals,Dodgers
8/11/2026,Astros,Giants
8/11/2026,Brewers,Padres
8/11/2026,Cubs,Nationals
8/11/2026,Guardians,Tigers
8/11/2026,Mariners,Yankees
8/11/2026,Mets,Braves
8/11/2026,Orioles,Twins
8/11/2026,Phillies,Cardinals
8/11/2026,Pirates,Marlins
8/11/2026,Rangers,Angels
8/11/2026,Rays,Athletics
8/11/2026,Red Sox,Blue Jays
8/11/2026,Reds,White Sox
8/11/2026,Rockies,D-backs
8/11/2026,Royals,Dodgers
8/12/2026,Astros,Giants
8/12/2026,Brewers,Padres
8/12/2026,Cubs,Nationals
8/12/2026,Guardians,Tigers
8/12/2026,Mariners,Yankees
8/12/2026,Mets,Braves
8/12/2026,Orioles,Twins
8/12/2026,Phillies,Cardinals
8/12/2026,Pirates,Marlins
8/12/2026,Rangers,Angels
8/12/2026,Rays,Athletics
8/12/2026,Red Sox,Blue Jays
8/12/2026,Reds,White Sox
8/12/2026,Rockies,D-backs
8/12/2026,Royals,Dodgers
8/13/2026,Brewers,Dodgers
8/13/2026,Cubs,Nationals
8/13/2026,Guardians,Tigers
8/13/2026,Mariners,Yankees
8/13/2026,Pirates,Marlins
8/13/2026,Rangers,Angels
8/13/2026,Red Sox,Blue Jays
8/13/2026,Reds,White Sox
8/14/2026,Brewers,Dodgers
8/14/2026,Cardinals,Cubs
8/14/2026,D-backs,Braves
8/14/2026,Mariners,Astros
8/14/2026,Marlins,Reds
8/14/2026,Nationals,Mets
8/14/2026,Orioles,Rays
8/14/2026,Padres,Guardians
8/14/2026,Phillies,Twins
8/14/2026,Rangers,Athletics
8/14/2026,Red Sox,Pirates
8/14/2026,Rockies,Giants
8/14/2026,Royals,Angels
8/14/2026,White Sox,Tigers
8/14/2026,Yankees,Blue Jays
8/15/2026,Brewers,Dodgers
8/15/2026,Cardinals,Cubs
8/15/2026,D-backs,Braves
8/15/2026,Mariners,Astros
8/15/2026,Marlins,Reds
8/15/2026,Nationals,Mets
8/15/2026,Orioles,Rays
8/15/2026,Padres,Guardians
8/15/2026,Phillies,Twins
8/15/2026,Rangers,Athletics
8/15/2026,Red Sox,Pirates
8/15/2026,Rockies,Giants
8/15/2026,Royals,Angels
8/15/2026,White Sox,Tigers
8/15/2026,Yankees,Blue Jays
8/16/2026,Brewers,Dodgers
8/16/2026,Cardinals,Cubs
8/16/2026,D-backs,Braves
8/16/2026,Mariners,Astros
8/16/2026,Marlins,Reds
8/16/2026,Nationals,Mets
8/16/2026,Orioles,Rays
8/16/2026,Padres,Guardians
8/16/2026,Phillies,Twins
8/16/2026,Rangers,Athletics
8/16/2026,Red Sox,Pirates
8/16/2026,Rockies,Giants
8/16/2026,Royals,Angels
8/16/2026,White Sox,Tigers
8/16/2026,Yankees,Blue Jays
8/17/2026,Athletics,Royals
8/17/2026,Cardinals,Reds
8/17/2026,D-backs,Red Sox
8/17/2026,Dodgers,Rockies
8/17/2026,Marlins,Phillies
8/17/2026,Orioles,Rays
8/17/2026,Padres,Mets
8/17/2026,Tigers,Pirates
8/17/2026,White Sox,Cubs
8/18/2026,Angels,Astros
8/18/2026,Athletics,Royals
8/18/2026,Blue Jays,Rays
8/18/2026,Braves,Twins
8/18/2026,Cardinals,Reds
8/18/2026,D-backs,Red Sox
8/18/2026,Dodgers,Rockies
8/18/2026,Giants,Guardians
8/18/2026,Mariners,Brewers
8/18/2026,Marlins,Phillies
8/18/2026,Nationals,Rangers
8/18/2026,Padres,Mets
8/18/2026,Tigers,Pirates
8/18/2026,White Sox,Cubs
8/18/2026,Yankees,Orioles
8/19/2026,Angels,Astros
8/19/2026,Athletics,Royals
8/19/2026,Blue Jays,Rays
8/19/2026,Braves,Twins
8/19/2026,Cardinals,Reds
8/19/2026,D-backs,Red Sox
8/19/2026,Dodgers,Rockies
8/19/2026,Giants,Guardians
8/19/2026,Mariners,Brewers
8/19/2026,Marlins,Phillies
8/19/2026,Nationals,Rangers
8/19/2026,Padres,Mets
8/19/2026,Tigers,Pirates
8/19/2026,White Sox,Cubs
8/19/2026,Yankees,Orioles
8/20/2026,Angels,Astros
8/20/2026,Athletics,Royals
8/20/2026,Blue Jays,Rays
8/20/2026,Braves,Twins
8/20/2026,Cardinals,Reds
8/20/2026,Giants,Guardians
8/20/2026,Mariners,Brewers
8/20/2026,Nationals,Rangers
8/20/2026,Yankees,Orioles
8/21/2026,Angels,Rangers
8/21/2026,Athletics,Astros
8/21/2026,Blue Jays,Yankees
8/21/2026,Braves,Brewers
8/21/2026,Cardinals,Phillies
8/21/2026,Cubs,Mariners
8/21/2026,Giants,Red Sox
8/21/2026,Guardians,Rockies
8/21/2026,Mets,White Sox
8/21/2026,Nationals,Marlins
8/21/2026,Pirates,Dodgers
8/21/2026,Rays,Orioles
8/21/2026,Reds,D-backs
8/21/2026,Tigers,Royals
8/21/2026,Twins,Padres
8/22/2026,Angels,Rangers
8/22/2026,Athletics,Astros
8/22/2026,Blue Jays,Yankees
8/22/2026,Braves,Brewers
8/22/2026,Cardinals,Phillies
8/22/2026,Cubs,Mariners
8/22/2026,Giants,Red Sox
8/22/2026,Guardians,Rockies
8/22/2026,Mets,White Sox
8/22/2026,Nationals,Marlins
8/22/2026,Pirates,Dodgers
8/22/2026,Rays,Orioles
8/22/2026,Reds,D-backs
8/22/2026,Tigers,Royals
8/22/2026,Twins,Padres
8/23/2026,Angels,Rangers
8/23/2026,Athletics,Astros
8/23/2026,Blue Jays,Yankees
8/23/2026,Braves,Brewers
8/23/2026,Cardinals,Phillies
8/23/2026,Cubs,Mariners
8/23/2026,Giants,Red Sox
8/23/2026,Guardians,Rockies
8/23/2026,Mets,White Sox
8/23/2026,Nationals,Marlins
8/23/2026,Pirates,Dodgers
8/23/2026,Rays,Orioles
8/23/2026,Reds,D-backs
8/23/2026,Tigers,Royals
8/23/2026,Twins,Padres
8/24/2026,Cubs,D-backs
8/24/2026,Guardians,Angels
8/24/2026,Phillies,Mariners
8/24/2026,Pirates,Padres
8/24/2026,Rangers,White Sox
8/24/2026,Rays,Tigers
8/24/2026,Red Sox,Marlins
8/24/2026,Reds,Giants
8/24/2026,Rockies,Nationals
8/24/2026,Twins,Athletics
8/25/2026,Astros,Yankees
8/25/2026,Brewers,Mets
8/25/2026,Cubs,D-backs
8/25/2026,Dodgers,Braves
8/25/2026,Guardians,Angels
8/25/2026,Orioles,Cardinals
8/25/2026,Phillies,Mariners
8/25/2026,Pirates,Padres
8/25/2026,Rangers,White Sox
8/25/2026,Rays,Tigers
8/25/2026,Red Sox,Marlins
8/25/2026,Reds,Giants
8/25/2026,Rockies,Nationals
8/25/2026,Royals,Blue Jays
8/25/2026,Twins,Athletics
8/26/2026,Astros,Yankees
8/26/2026,Brewers,Mets
8/26/2026,Cubs,D-backs
8/26/2026,Dodgers,Braves
8/26/2026,Guardians,Angels
8/26/2026,Orioles,Cardinals
8/26/2026,Phillies,Mariners
8/26/2026,Pirates,Padres
8/26/2026,Rangers,White Sox
8/26/2026,Rays,Tigers
8/26/2026,Red Sox,Marlins
8/26/2026,Reds,Giants
8/26/2026,Rockies,Nationals
8/26/2026,Royals,Blue Jays
8/26/2026,Twins,Athletics
8/27/2026,Astros,Yankees
8/27/2026,Brewers,Mets
8/27/2026,D-backs,Giants
8/27/2026,Dodgers,Braves
8/27/2026,Orioles,Cardinals
8/27/2026,Rockies,Nationals
8/27/2026,Royals,Blue Jays
8/28/2026,Astros,Mets
8/28/2026,D-backs,Giants
8/28/2026,Dodgers,Tigers
8/28/2026,Mariners,Blue Jays
8/28/2026,Marlins,Nationals
8/28/2026,Orioles,Athletics
8/28/2026,Padres,Rays
8/28/2026,Phillies,Angels
8/28/2026,Pirates,Cardinals
8/28/2026,Rangers,Brewers
8/28/2026,Red Sox,Yankees
8/28/2026,Reds,Cubs
8/28/2026,Rockies,Braves
8/28/2026,Royals,Guardians
8/28/2026,White Sox,Twins
8/29/2026,Astros,Mets
8/29/2026,D-backs,Giants
8/29/2026,Dodgers,Tigers
8/29/2026,Mariners,Blue Jays
8/29/2026,Marlins,Nationals
8/29/2026,Orioles,Athletics
8/29/2026,Padres,Rays
8/29/2026,Phillies,Angels
8/29/2026,Pirates,Cardinals
8/29/2026,Rangers,Brewers
8/29/2026,Red Sox,Yankees
8/29/2026,Reds,Cubs
8/29/2026,Rockies,Braves
8/29/2026,Royals,Guardians
8/29/2026,White Sox,Twins
8/30/2026,Astros,Mets
8/30/2026,D-backs,Giants
8/30/2026,Dodgers,Tigers
8/30/2026,Mariners,Blue Jays
8/30/2026,Marlins,Nationals
8/30/2026,Orioles,Athletics
8/30/2026,Padres,Rays
8/30/2026,Phillies,Angels
8/30/2026,Pirates,Cardinals
8/30/2026,Rangers,Brewers
8/30/2026,Red Sox,Yankees
8/30/2026,Reds,Cubs
8/30/2026,Rockies,Braves
8/30/2026,Royals,Guardians
8/30/2026,White Sox,Twins
8/31/2026,Athletics,Rangers
8/31/2026,Brewers,Cubs
8/31/2026,Mariners,Red Sox
8/31/2026,Marlins,Nationals
8/31/2026,Mets,Rays
8/31/2026,Orioles,Rockies
8/31/2026,Padres,Reds
8/31/2026,Phillies,D-backs
8/31/2026,Tigers,Twins
8/31/2026,White Sox,Astros
8/31/2026,Yankees,Angels
9/1/2026,Athletics,Rangers
9/1/2026,Blue Jays,Guardians
9/1/2026,Braves,Nationals
9/1/2026,Brewers,Cubs
9/1/2026,Cardinals,Dodgers
9/1/2026,Giants,Pirates
9/1/2026,Mariners,Red Sox
9/1/2026,Marlins,Royals
9/1/26,Mets,Rays
9/1/2026,Orioles,Rockies
9/1/2026,Padres,Reds
9/1/2026,Phillies,D-backs
9/1/2026,Tigers,Twins
9/1/2026,White Sox,Astros
9/1/2026,Yankees,Angels
9/2/2026,Athletics,Rangers
9/2/2026,Blue Jays,Guardians
9/2/2026,Braves,Nationals
9/2/2026,Brewers,Cubs
9/2/2026,Cardinals,Dodgers
9/2/2026,Giants,Pirates
9/2/2026,Mariners,Red Sox
9/2/2026,Marlins,Royals
9/2/26,Mets,Rays
9/2/2026,Orioles,Rockies
9/2/2026,Padres,Reds
9/2/2026,Phillies,D-backs
9/2/2026,Tigers,Twins
9/2/2026,White Sox,Astros
9/2/2026,Yankees,Angels
9/3/2026,Athletics,Mariners
9/3/2026,Blue Jays,Guardians
9/3/2026,Brewers,Cubs
9/3/2026,Cardinals,Dodgers
9/3/2026,Giants,Pirates
9/3/2026,Marlins,Royals
9/3/2026,Rays,Rangers
9/3/2026,Red Sox,Orioles
9/3/2026,White Sox,Astros
9/4/2026,Angels,Pirates
9/4/2026,Athletics,Mariners
9/4/2026,Blue Jays,Royals
9/4/2026,Braves,Phillies
9/4/2026,Brewers,Reds
9/4/2026,Cardinals,Rockies
9/4/2026,Cubs,Marlins
9/4/2026,D-backs,Astros
9/4/2026,Giants,Mets
9/4/2026,Tigers,Guardians
9/4/2026,Nationals,Dodgers
9/4/2026,Rays,Rangers
9/4/2026,Red Sox,Orioles
9/4/2026,Twins,White Sox
9/4/2026,Yankees,Padres
9/5/2026,Angels,Pirates
9/5/2026,Athletics,Mariners
9/5/2026,Blue Jays,Royals
9/5/2026,Braves,Phillies
9/5/2026,Brewers,Reds
9/5/2026,Cardinals,Rockies
9/5/2026,Cubs,Marlins
9/5/2026,D-backs,Astros
9/5/2026,Giants,Mets
9/5/2026,Tigers,Guardians
9/5/2026,Nationals,Dodgers
9/5/2026,Rays,Rangers
9/5/2026,Red Sox,Orioles
9/5/2026,Twins,White Sox
9/5/2026,Yankees,Padres
9/6/2026,Angels,Pirates
9/6/2026,Athletics,Mariners
9/6/2026,Blue Jays,Royals
9/6/2026,Braves,Phillies
9/6/2026,Brewers,Reds
9/6/2026,Cardinals,Rockies
9/6/2026,Cubs,Marlins
9/6/2026,D-backs,Astros
9/6/2026,Giants,Mets
9/6/2026,Tigers,Guardians
9/6/2026,Nationals,Dodgers
9/6/2026,Rays,Rangers
9/6/2026,Red Sox,Orioles
9/6/2026,Twins,White Sox
9/6/2026,Yankees,Padres
9/7/2026,Angels,Red Sox
9/7/2026,Blue Jays,Athletics
9/7/2026,Braves,Phillies
9/7/2026,Cubs,Brewers
9/7/2026,Cardinals,Giants
9/7/2026,D-backs,Royals
9/7/2026,Guardians,Orioles
9/7/2026,Mets,Marlins
9/7/2026,Nationals,Padres
9/7/2026,Reds,Dodgers
9/7/2026,Twins,Tigers
9/8/2026,Angels,Red Sox
9/8/2026,Astros,Phillies
9/8/2026,Blue Jays,Athletics
9/8/2026,Cubs,Brewers
9/8/2026,Cardinals,Giants
9/8/2026,D-backs,Royals
9/8/2026,Guardians,Orioles
9/8/2026,Mets,Marlins
9/8/2026,Nationals,Padres
9/8/2026,Pirates,White Sox
9/8/2026,Rangers,Mariners
9/8/2026,Rays,Braves
9/8/2026,Reds,Dodgers
9/8/2026,Rockies,Yankees
9/8/2026,Twins,Tigers
9/9/2026,Angels,Red Sox
9/9/2026,Astros,Phillies
9/9/2026,Blue Jays,Athletics
9/9/2026,Cubs,Brewers
9/9/2026,Cardinals,Giants
9/9/2026,D-backs,Royals
9/9/2026,Guardians,Orioles
9/9/2026,Mets,Marlins
9/9/2026,Nationals,Padres
9/9/2026,Pirates,White Sox
9/9/2026,Rangers,Mariners
9/9/2026,Rays,Braves
9/9/2026,Reds,Dodgers
9/9/2026,Rockies,Yankees
9/9/2026,Twins,Tigers
9/10/2026,Astros,Phillies
9/10/2026,Pirates,White Sox
9/10/2026,Rangers,Mariners
9/10/2026,Rays,Braves
9/10/2026,Rockies,Yankees
9/11/2026,Angels,Nationals
9/11/2026,Astros,Rays
9/11/2026,Dodgers,Marlins
9/11/2026,Guardians,Twins
9/11/2026,Mariners,Athletics
9/11/2026,Mets,Yankees
9/11/2026,Orioles,Blue Jays
9/11/2026,Padres,Giants
9/11/2026,Phillies,Braves
9/11/2026,Pirates,Cubs
9/11/2026,Rangers,D-backs
9/11/2026,Reds,Brewers
9/11/2026,Rockies,Tigers
9/11/2026,Royals,Red Sox
9/11/2026,White Sox,Cardinals
9/12/2026,Angels,Nationals
9/12/2026,Astros,Rays
9/12/2026,Dodgers,Marlins
9/12/2026,Guardians,Twins
9/12/2026,Mariners,Athletics
9/12/2026,Mets,Yankees
9/12/2026,Orioles,Blue Jays
9/12/2026,Padres,Giants
9/12/2026,Phillies,Braves
9/12/2026,Pirates,Cubs
9/12/2026,Rangers,D-backs
9/12/2026,Reds,Brewers
9/12/2026,Rockies,Tigers
9/12/2026,Royals,Red Sox
9/12/2026,White Sox,Cardinals
9/13/2026,Angels,Nationals
9/13/2026,Astros,Rays
9/13/2026,Dodgers,Marlins
9/13/2026,Guardians,Twins
9/13/2026,Mariners,Athletics
9/13/2026,Mets,Yankees
9/13/2026,Orioles,Blue Jays
9/13/2026,Padres,Giants
9/13/2026,Phillies,Braves
9/13/2026,Pirates,Cubs
9/13/2026,Rangers,D-backs
9/13/2026,Reds,Brewers
9/13/2026,Rockies,Tigers
9/13/2026,Royals,Red Sox
9/13/2026,White Sox,Cardinals
9/14/2026,Braves,Cubs
9/14/2026,Dodgers,Reds
9/14/2026,Giants,Cardinals
9/14/2026,Mariners,Angels
9/14/2026,Marlins,D-backs
9/14/2026,Orioles,Mets
9/14/2026,Padres,Rockies
9/14/2026,Tigers,Blue Jays
9/14/2026,White Sox,Guardians
9/14/2026,Yankees,Twins
9/15/2026,Athletics,Rays
9/15/2026,Braves,Cubs
9/15/2026,Brewers,Pirates
9/15/2026,Dodgers,Reds
9/15/2026,Giants,Cardinals
9/15/2026,Mariners,Angels
9/15/2026,Marlins,D-backs
9/15/2026,Orioles,Mets
9/15/2026,Padres,Rockies
9/15/2026,Phillies,Nationals
9/15/2026,Red Sox,Rangers
9/15/2026,Royals,Astros
9/15/2026,Tigers,Blue Jays
9/15/2026,White Sox,Guardians
9/15/2026,Yankees,Twins
9/16/2026,Athletics,Rays
9/16/2026,Braves,Cubs
9/16/2026,Brewers,Pirates
9/16/2026,Dodgers,Reds
9/16/2026,Giants,Cardinals
9/16/2026,Mariners,Angels
9/16/2026,Marlins,D-backs
9/16/2026,Orioles,Mets
9/16/2026,Padres,Rockies
9/16/2026,Phillies,Nationals
9/16/2026,Red Sox,Rangers
9/16/2026,Royals,Astros
9/16/2026,Tigers,Blue Jays
9/16/2026,White Sox,Guardians
9/16/2026,Yankees,Twins
9/17/2026,Athletics,Rays
9/17/2026,Brewers,Pirates
9/17/2026,Dodgers,Reds
9/17/2026,Padres,Rockies
9/17/2026,Phillies,Mets
9/17/2026,Red Sox,Rangers
9/17/2026,Royals,Astros
9/17/2026,Tigers,White Sox
9/17/2026,Twins,Angels
9/18/2026,Athletics,Guardians
9/18/2026,Blue Jays,Rangers
9/18/2026,Braves,Astros
9/18/2026,Brewers,Orioles
9/18/2026,Cubs,Reds
9/18/2026,Giants,Dodgers
9/18/2026,Mariners,Rockies
9/18/2026,Marlins,Padres
9/18/2026,Nationals,Cardinals
9/18/2026,Phillies,Mets
9/18/2026,Red Sox,Rays
9/18/2026,Royals,Pirates
9/18/2026,Tigers,White Sox
9/18/2026,Twins,Angels
9/18/2026,Yankees,D-backs
9/19/2026,Athletics,Guardians
9/19/2026,Blue Jays,Rangers
9/19/2026,Braves,Astros
9/19/2026,Brewers,Orioles
9/19/2026,Cubs,Reds
9/19/2026,Giants,Dodgers
9/19/2026,Mariners,Rockies
9/19/2026,Marlins,Padres
9/19/2026,Nationals,Cardinals
9/19/2026,Phillies,Mets
9/19/2026,Red Sox,Rays
9/19/2026,Royals,Pirates
9/19/2026,Tigers,White Sox
9/19/2026,Twins,Angels
9/19/2026,Yankees,D-backs
9/20/2026,Athletics,Guardians
9/20/2026,Blue Jays,Rangers
9/20/2026,Braves,Astros
9/20/2026,Brewers,Orioles
9/20/2026,Cubs,Reds
9/20/2026,Giants,Dodgers
9/20/2026,Mariners,Rockies
9/20/2026,Marlins,Padres
9/20/2026,Nationals,Cardinals
9/20/2026,Phillies,Mets
9/20/2026,Red Sox,Rays
9/20/2026,Royals,Pirates
9/20/2026,Tigers,White Sox
9/20/2026,Twins,Angels
9/20/2026,Yankees,D-backs
9/21/2026,Blue Jays,Orioles
9/21/2026,Nationals,Tigers
9/21/2026,Twins,Giants
9/22/2026,Angels,Athletics
9/22/2026,Astros,Mariners
9/22/2026,Blue Jays,Orioles
9/22/2026,Brewers,Phillies
9/22/2026,Cardinals,Pirates
9/22/2026,D-backs,Rockies
9/22/2026,Guardians,Red Sox
9/22/2026,Marlins,Cubs
9/22/2026,Mets,Rangers
9/22/2026,Nationals,Tigers
9/22/2026,Padres,Dodgers
9/22/2026,Rays,Yankees
9/22/2026,Reds,Braves
9/22/2026,Twins,Giants
9/22/2026,White Sox,Royals
9/23/2026,Angels,Athletics
9/23/2026,Astros,Mariners
9/23/2026,Blue Jays,Orioles
9/23/2026,Brewers,Phillies
9/23/2026,Cardinals,Pirates
9/23/2026,D-backs,Rockies
9/23/2026,Guardians,Red Sox
9/23/2026,Marlins,Cubs
9/23/2026,Mets,Rangers
9/23/2026,Nationals,Tigers
9/23/2026,Padres,Dodgers
9/23/2026,Rays,Yankees
9/23/2026,Reds,Braves
9/23/2026,Twins,Giants
9/23/2026,White Sox,Royals
9/24/2026,Angels,Mariners
9/24/2026,Astros,Athletics
9/24/2026,Brewers,Phillies
9/24/2026,Cardinals,Pirates
9/24/2026,D-backs,Rockies
9/24/2026,Guardians,Red Sox
9/24/2026,Marlins,Cubs
9/24/2026,Mets,Rangers
9/24/2026,Padres,Dodgers
9/24/2026,Rays,Yankees
9/24/2026,Reds,Braves
9/24/2026,White Sox,Royals
9/25/2026,Angels,Mariners
9/25/2026,Astros,Athletics
9/25/2026,Braves,Marlins
9/25/2026,Cardinals,Brewers
9/25/2026,Cubs,Red Sox
9/25/2026,D-backs,Padres
9/25/2026,Dodgers,Giants
9/25/2026,Guardians,Royals
9/25/2026,Mets,Nationals
9/25/2026,Orioles,Yankees
9/25/2026,Pirates,Tigers
9/25/2026,Rangers,Twins
9/25/2026,Rays,Phillies
9/25/2026,Reds,Blue Jays
9/25/2026,Rockies,White Sox
9/26/2026,Angels,Mariners
9/26/2026,Astros,Athletics
9/26/2026,Braves,Marlins
9/26/2026,Cardinals,Brewers
9/26/2026,Cubs,Red Sox
9/26/2026,D-backs,Padres
9/26/2026,Dodgers,Giants
9/26/2026,Guardians,Royals
9/26/2026,Mets,Nationals
9/26/2026,Orioles,Yankees
9/26/2026,Pirates,Tigers
9/26/2026,Rangers,Twins
9/26/2026,Rays,Phillies
9/26/2026,Reds,Blue Jays
9/26/2026,Rockies,White Sox
9/27/2026,Angels,Mariners
9/27/2026,Astros,Athletics
9/27/2026,Braves,Marlins
9/27/2026,Cardinals,Brewers
9/27/2026,Cubs,Red Sox
9/27/2026,D-backs,Padres
9/27/2026,Dodgers,Giants
9/27/2026,Guardians,Royals
9/27/2026,Mets,Nationals
9/27/2026,Orioles,Yankees
9/27/2026,Pirates,Tigers
9/27/2026,Rangers,Twins
9/27/2026,Rays,Phillies
9/27/2026,Reds,Blue Jays
9/27/2026,Rockies,White Sox